{
  "dyslexia": {
    "mean": [
      1084.392649536133,
      0.29506010208278893,
      0.2554735809998601,
      0.2603555919093196,
      0.3569309489999432,
      -0.05662031958987427,
      0.1547358777813133,
      1.1422696828097105,
      0.6505275417957455,
      1217.3539253997803,
      0.5726282999897375,
      0.1720506042796842
    ],
    "scale": [
      408.2676205653338,
      0.1510465122410036,
      0.14246928085035682,
      0.256916645499009,
      0.1865923705062462,
      0.13528538215829392,
      0.14351855752830145,
      0.205869959001166,
      0.19582919047879796,
      581.0835934589387,
      0.19859177239133272,
      0.1520435516233141
    ]
  },
  "adhd": {
    "mean": [
      1084.392649536133,
      0.29506010208278893,
      0.2554735809998601,
      0.2603555919093196,
      0.3569309489999432,
      -0.05662031958987427,
      0.1547358777813133,
      1.1422696828097105,
      0.6505275417957455,
      1217.3539253997803,
      0.5726282999897375,
      0.1720506042796842
    ],
    "scale": [
      408.2676205653338,
      0.1510465122410036,
      0.14246928085035682,
      0.256916645499009,
      0.1865923705062462,
      0.13528538215829392,
      0.14351855752830145,
      0.205869959001166,
      0.19582919047879796,
      581.0835934589387,
      0.19859177239133272,
      0.1520435516233141
    ]
  },
  "autism": {
    "mean": [
      1084.392649536133,
      0.29506010208278893,
      0.2554735809998601,
      0.2603555919093196,
      0.3569309489999432,
      -0.05662031958987427,
      0.1547358777813133,
      1.1422696828097105,
      0.6505275417957455,
      1217.3539253997803,
      0.5726282999897375,
      0.1720506042796842
    ],
    "scale": [
      408.2676205653338,
      0.1510465122410036,
      0.14246928085035682,
      0.256916645499009,
      0.1865923705062462,
      0.13528538215829392,
      0.14351855752830145,
      0.205869959001166,
      0.19582919047879796,
      581.0835934589387,
      0.19859177239133272,
      0.1520435516233141
    ]
  }
}